songID | release date | popularity | length(s) | mood | keyID,songID,release date,popularity,length(s),mood,keyID
PL35454458351566519626362738;5/10/202248*328*0.046[1],PL35454458351566519626362738,2022-05-10,48,328,0.046,1
ME13649130413416941151;3/17/202265*382*0.963[5],,,,,,
PS441101029218121734369716801;8/12/202298*137*0.885[6],,,,,,
CZ1554869742733077057749;4/27/202217*382*0.264[13],,,,,,
KZ726396134477367173;10/10/202299*156*0.354[15],,,,,,
MC2190102202877188043186271;12/1/202278*428*0.934[2],,,,,,
GT33034081211780937118418242;1/13/202296*444*0.173[9],,,,,,
LB32335873427161061669436426;4/12/202252*481*0.214[2],,,,,,
MR5086158449944842866373340;1/10/202220*303*0.875[14],,,,,,
PT66234583812959322240516;2/3/202286*140*0.631[10],,,,,,
CY75271716119463538825731165;9/16/202241*441*0.516[8],,,,,,
DK0486264616823750;7/8/202224*418*0.533[7],,,,,,
PK4085840260167233662489;11/11/202278*310*0.759[3],,,,,,
BA690235408066452789;7/14/202210*173*0.19[6],,,,,,
NO6521735549835;11/9/202283*303*0.099[11],,,,,,
GE86518491212627867711;2/7/20222*131*0.038[3],,,,,,
IE22NOKU22161536829813;8/4/202279*365*0.681[13],,,,,,
AZ78933741064044534373676645;5/24/202284*476*0.517[3],,,,,,
LB73553826588021272916135014;3/1/202273*301*0.342[11],,,,,,
RS03477706211683755113;8/24/202257*375*0.959[4],,,,,,
ME88867816466712875712;11/12/202293*372*0.646[5],,,,,,
GL1664560292017775;3/16/202271*243*0.806[10],,,,,,
LU089387617541666333;3/11/202254*213*0.676[13],,,,,,
EE865216587828244553;6/27/202237*123*0.767[7],,,,,,
GI02GQOK281154487537966;3/16/202286*288*0.847[6],,,,,,
IS942331443583231427627637;2/5/202213*347*0.497[9],,,,,,
MT54RSSO15666356802371709848427;11/18/202281*210*0.223[5],,,,,,
PK4951228227841821997288;8/11/202210*117*0.095[10],,,,,,
CY63633171485846862097902157;12/10/202258*445*0.994[8],,,,,,
SM4813057439470863062193753;10/23/202282*451*0.133[12],,,,,,
HR6368894604282365738;6/15/202251*207*0.029[14],,,,,,
AL82472254651835473574056781;11/15/202238*499*0.168[1],,,,,,
KZ647817993914263022;8/22/202285*424*0.603[3],,,,,,
IS192487328631488045623722;5/25/202291*494*0.66[2],,,,,,
LB42132557671294214193596469;3/16/202245*319*0.977[3],,,,,,
KW9272219334893152367842826342;7/12/202270*345*0.341[10],,,,,,
HR6478581687521595618;9/19/20223*160*0.417[14],,,,,,
IE75PXIW52104794169174;5/17/202246*140*0.141[3],,,,,,
TR158655525570731691115703;8/7/202276*263*0.703[15],,,,,,
FR4878840710917394045733007;4/13/202227*482*0.711[9],,,,,,
SM5267384868972633343615553;11/3/20221*466*0.318[15],,,,,,
DE83092165176196322845;7/31/202234*78*0.373[15],,,,,,
GE32534116682529566859;9/25/202213*293*0.21[8],,,,,,
CH4081577405227247652;9/20/202274*186*0.768[4],,,,,,
FO3345023386758050;12/7/202227*215*0.966[3],,,,,,
SM1429101119427087683282342;7/28/202219*388*0.965[1],,,,,,
GE81112850634783875557;10/9/202231*336*0.969[13],,,,,,
IT318NLNSI44758854884231356;8/16/202214*211*0.399[2],,,,,,
SI25617403785122701;5/29/202275*78*0.046[7],,,,,,
LI7426264970126289268;4/2/20223*86*0.964[7],,,,,,
AD4241736663635567121079;1/24/202287*197*0.715[2],,,,,,
AZ29504210834952342348117523;1/5/202270*347*0.181[3],,,,,,
FO5527589211451677;9/7/202292*459*0.496[10],,,,,,
IT544XJBWI61366838113878477;5/12/202290*212*0.044[3],,,,,,
AD2924876187442424808797;9/24/202267*342*0.442[9],,,,,,
DO16183153417742651021044871;2/7/202242*87*0.966[13],,,,,,
CH7961944742958780887;1/28/202294*276*0.977[1],,,,,,
AT748145637061811880;10/26/202288*377*0.316[9],,,,,,
AL62286043886695824543727618;11/7/202236*105*0.673[5],,,,,,
GI08UPRP785384222819611;9/29/202264*454*0.484[2],,,,,,
DE11603216816459812256;12/29/202296*437*0.33[8],,,,,,
PS290611275518284152994815405;6/4/202254*110*0.2[13],,,,,,
CH5031898822281171088;7/6/20224*102*0.915[14],,,,,,
AD2448856332676144562646;11/24/202246*357*0.34[15],,,,,,
ES9270173831278776475287;9/7/202285*475*0.24[6],,,,,,
RO91FKBG2566760609526518;6/3/202241*238*0.776[1],,,,,,
LV36JYHI7827891866633;4/14/202238*218*0.862[3],,,,,,
AL82145649561001987763237335;12/12/202274*227*0.564[15],,,,,,
MD7781423682827536801098;9/1/20229*310*0.867[13],,,,,,
GR7830365791650887872962594;4/15/202257*192*0.98[5],,,,,,
MK38717864374201539;1/25/202233*450*0.43[13],,,,,,
PT65594227521703017068308;7/20/202297*84*0.74[9],,,,,,
LB82107232393645189691962266;3/24/202255*380*0.967[12],,,,,,
CR9659114831774174255;3/15/202234*296*0.7[9],,,,,,
GE37387464946452593804;2/22/202299*152*0.961[2],,,,,,
BA693774571407675280;3/3/202233*96*0.616[13],,,,,,
AT724685914846785523;1/9/202293*203*0.106[5],,,,,,
AE335152701433325425431;10/24/202276*310*0.336[14],,,,,,
MK86736622161465419;9/7/202271*84*0.536[7],,,,,,
PT10664561682773596688171;10/1/202235*234*0.909[4],,,,,,
IT597WLDCI50283225933561871;10/7/202242*467*0.592[11],,,,,,
GI46CXSQ765486325877524;9/7/202267*330*0.293[9],,,,,,
BA259782138281271382;7/12/20221*307*0.149[7],,,,,,
GE70721421554617868272;12/18/202259*226*0.491[13],,,,,,
LU596159685811623116;7/31/202254*340*0.286[14],,,,,,
MC0545243804238959533750396;6/7/202263*223*0.27[1],,,,,,
HR7552186749423403672;10/28/202291*240*0.907[6],,,,,,
MK14812164633537232;9/4/202263*252*0.79[13],,,,,,
CR3906420751204141579;1/4/202278*491*0.749[8],,,,,,
MR5550189423537155353466267;4/26/202270*151*0.639[5],,,,,,
CH6263076243343455912;5/16/20223*385*0.843[6],,,,,,
KW4354275044597109543434731671;5/25/202264*328*0.826[6],,,,,,
CR8505589135195494682;4/12/20223*204*0.617[11],,,,,,
IS191416782085871397587761;11/18/202243*99*0.729[12],,,,,,
ES8662991138666224269728;11/7/202283*103*0.481[4],,,,,,
RS91493627084148578030;2/22/20223*122*0.969[15],,,,,,
VG2242665877572447877792;11/21/202241*342*0.262[10],,,,,,
PL53436665172184877473613313;8/13/20224*289*0.394[2],,,,,,
DK0741935447151005;1/2/20228*131*0.402[9],,,,,,
PT17537258684926153411182;7/18/202264*408*0.27[5],,,,,,
IE12HSNM38755276104163;4/17/202223*313*0.425[2],,,,,,
GI16EBBR472212847224553;10/11/202215*358*0.806[12],,,,,,
BG32YOBN86855961484151;5/3/202275*119*0.837[6],,,,,,
MC6373315882778456583428871;3/19/20225*111*0.83[5],,,,,,
GT46731234335805410134923864;2/7/202298*384*0.022[4],,,,,,
AZ10824124472106788537751832;6/2/202214*378*0.839[10],,,,,,
TR047741418035763393288344;11/30/202239*429*0.338[12],,,,,,
DO08025709323767932603538372;4/15/202297*248*0.491[4],,,,,,
HU89713238887711173483458932;9/17/202242*109*0.443[6],,,,,,
MT95FDCE12682478228175555236222;3/16/202260*131*0.922[12],,,,,,
TN7856562033662826542172;8/12/202260*244*0.061[5],,,,,,
KW6476935273704426435657314931;1/21/202238*406*0.535[15],,,,,,
TN6907761578787264133414;1/8/202273*312*0.391[4],,,,,,
CZ0325347798441747780495;7/31/202280*319*0.29[11],,,,,,
AZ56775194102171398360761737;3/9/202261*366*0.789[10],,,,,,
SK2437644241132286714504;8/15/20228*348*0.727[2],,,,,,
SM6683168888952949177252351;6/30/202257*283*0.457[6],,,,,,
GB36VIOC70431509173735;10/12/202279*361*0.998[13],,,,,,
AD0335778676125914360837;1/5/202279*364*0.636[3],,,,,,
RS49838602497331951764;3/28/202290*333*0.452[3],,,,,,
PK5635553544985268393042;12/13/202258*364*0.468[8],,,,,,
LI4512018768544304122;6/25/202235*89*0.26[2],,,,,,
TR955604117000580526335745;7/10/202295*402*0.922[5],,,,,,
LB94133596816255837443815002;10/7/20226*118*0.475[3],,,,,,
LT028575482876627562;11/28/202277*276*0.664[4],,,,,,
BA142476464672320747;12/10/202284*238*0.861[15],,,,,,
DO35472381644371833130678875;1/29/202241*138*0.671[3],,,,,,
LU452827503927423551;5/7/202222*146*0.428[6],,,,,,
LB21925953559945289682462862;6/9/20222*496*0.387[2],,,,,,
LT745814592446526582;10/18/202268*199*0.514[6],,,,,,
BA591542790254247335;11/28/202297*117*0.128[10],,,,,,
ES9815058535194349247393;4/25/202222*225*0.477[11],,,,,,
CY95624774917611163986614824;1/24/202289*249*0.13[8],,,,,,
NO7698633164877;3/13/202243*435*0.776[8],,,,,,
PT91177128297985837543713;6/26/202215*415*0.259[1],,,,,,
ES4709531025561087565040;9/10/202240*117*0.19[14],,,,,,
SI72534808891483114;4/9/202273*329*0.278[7],,,,,,
SI91354808316249277;4/27/202290*148*0.662[13],,,,,,
SA5881243317171793872609;5/28/202221*269*0.462[1],,,,,,
HU26076641139622568762420677;3/11/202222*76*0.755[15],,,,,,
GL6551362693488651;3/30/202296*327*0.665[11],,,,,,
HU30280442422855588613917866;6/9/202211*497*0.609[2],,,,,,
LV52XNMH4854535267163;10/4/202228*427*0.387[9],,,,,,
KZ077486047558544698;11/8/202267*402*0.758[3],,,,,,
LT663462565899616717;12/18/202284*196*0.349[11],,,,,,
SA7736553487427867653873;2/4/202271*165*0.813[7],,,,,,
DE59857319632177176242;5/21/202218*281*0.52[3],,,,,,
MK35370684877009625;10/16/202275*165*0.848[12],,,,,,
EE156144037726852452;1/25/202298*434*0.36[9],,,,,,
IL790015024533187208702;12/12/202252*227*0.136[15],,,,,,
GB28CGWE46202221559234;8/9/20225*443*0.921[3],,,,,,
IT985JANII28036801166805713;9/24/202241*91*0.779[11],,,,,,
MR5631921153808451180160925;9/8/20221*435*0.806[15],,,,,,
BG97GTNV53630312882664;10/7/202232*125*0.209[8],,,,,,
LV33VUEJ5959631707882;3/23/202259*310*0.859[6],,,,,,
IE67BPLR54417133709117;5/14/202232*204*0.435[4],,,,,,
MT85BHMS25347582571347611225322;8/9/202245*80*0.763[10],,,,,,
KW5625284437864543199598192646;12/8/202230*387*0.669[3],,,,,,
NL85AUQC5662696658;7/31/202217*383*0.566[9],,,,,,
FI2483075154682271;11/20/202277*166*0.964[3],,,,,,
PT61325442097492898246604;10/14/202276*113*0.246[7],,,,,,
KZ668268225322157887;8/26/202228*92*0.731[14],,,,,,
TN3132213619122341331475;3/24/202272*222*0.58[14],,,,,,
LT831565536152618635;12/21/202223*230*0.831[4],,,,,,
SI92140877166521041;9/27/202298*207*0.152[13],,,,,,
IS556509876755456524819252;5/18/202220*492*0.711[14],,,,,,
MU6183658638513434338848937281;10/19/202274*86*0.203[7],,,,,,
IS087388391482315342226681;8/6/202224*317*0.101[12],,,,,,
AE227263457228343954210;7/17/202240*347*0.208[10],,,,,,
MD4303348287643766655283;5/4/202233*172*0.9[11],,,,,,
AL30267425663276573652942813;3/9/202255*382*0.095[1],,,,,,
SM5229664310526806154183787;5/25/202247*389*0.093[15],,,,,,
MC8717794233338277203846058;12/16/202230*406*0.489[2],,,,,,
CH9282263067590038440;4/21/202288*176*0.298[8],,,,,,
IE80AYQN44117425736772;7/14/202268*193*0.113[13],,,,,,
LB94637477810518544951951162;10/9/202235*229*0.665[2],,,,,,
SE0776317998256550531684;8/16/202299*260*0.635[15],,,,,,
IS338746071319137738054312;5/2/202240*286*0.871[14],,,,,,
HU53905754566814651810966101;7/23/202282*193*0.151[11],,,,,,
FI3733386134194741;2/11/202275*381*0.825[5],,,,,,
BA107344141331623348;7/13/202218*168*0.925[7],,,,,,
GT92344142226183052324293183;12/24/202231*212*0.127[1],,,,,,
CR4714365467431677166;3/30/202297*441*0.002[6],,,,,,
KW9336355489142045726521641169;7/12/202251*308*0.682[8],,,,,,
LV39CUKE9817766707721;4/5/202257*256*0.514[2],,,,,,
PL09146264248347417431345032;11/29/202287*174*0.578[12],,,,,,
GB70PFAG78566480735884;10/13/202255*348*0.799[10],,,,,,
SI54605918863732208;9/30/202286*331*0.502[3],,,,,,
IS654730285530649425190157;8/15/202265*200*0.287[4],,,,,,
MC5181635869322128864604174;1/29/202289*318*0.645[6],,,,,,
DK8113367252481782;2/24/202282*275*0.483[9],,,,,,
LV08WHSS5514038442365;9/14/202210*148*0.33[14],,,,,,
AZ17141325836512319528470448;3/3/202234*444*0.725[2],,,,,,
TN2247446873274686211251;2/3/202277*219*0.497[3],,,,,,
PS620714117325266372193484572;5/16/202295*357*0.283[10],,,,,,
IS270844866721789942544264;3/24/202299*87*0.326[2],,,,,,
VG4572715293880375900211;2/20/202295*263*0.211[11],,,,,,
CH9827694753772123521;8/26/202265*267*0.624[13],,,,,,
VG6327247186307233652142;9/16/202286*290*0.472[8],,,,,,
TR818396237134047385296382;12/26/202220*490*0.368[6],,,,,,
GI21LAIE101661153046741;1/20/202220*93*0.363[11],,,,,,
PT60874099458144525383501;10/3/202248*347*0.543[11],,,,,,
KZ255965930785317232;5/6/202269*274*0.197[1],,,,,,
RS44613542574690671271;10/23/202254*217*0.199[1],,,,,,
NL50UKDY5574370375;4/1/202299*104*0.523[1],,,,,,
SA8238428712458796734882;2/11/202229*109*0.188[14],,,,,,
KZ578452511668984547;2/12/202279*474*0.129[10],,,,,,
GL1684851267735638;12/13/202282*403*0.332[14],,,,,,
MD1460067328257453301595;6/29/202249*481*0.959[13],,,,,,
BG15STBK39176219733973;4/20/202238*327*0.513[1],,,,,,
BA702920794224187641;10/31/202261*187*0.425[13],,,,,,
SM1326867772150860359368965;8/23/202217*166*0.659[15],,,,,,
SM1059006426350488863016828;9/19/202251*438*0.542[10],,,,,,
LB90859252271582188087389416;2/13/202276*307*0.643[4],,,,,,
PK7087728585361253382883;3/26/202255*151*0.798[12],,,,,,
GR1941350827362447536947407;8/9/202238*242*0.051[4],,,,,,
CR6266138114163847734;7/26/202226*289*0.46[6],,,,,,
AZ09231863127244231538626682;9/16/202243*201*0.685[15],,,,,,
ME39837727274320418386;3/25/202242*174*0.838[12],,,,,,
NO8341186721861;6/29/202212*366*0.343[7],,,,,,
BH50509070146828902314;1/24/202260*131*0.852[9],,,,,,
CR5265468285653395412;5/5/202287*351*0.332[12],,,,,,
IE62HELL83353610952538;2/21/202222*327*0.549[15],,,,,,
FR7078646935384512613738227;3/5/202254*227*0.231[2],,,,,,
PL30701652188411822643487736;8/22/202261*77*0.565[9],,,,,,
BA047354874383531834;10/4/20225*435*0.622[5],,,,,,
DK8651348642426743;5/8/202223*199*0.857[5],,,,,,
HR6340684393736175407;7/29/202282*202*0.817[11],,,,,,
ME56251575388619558053;8/25/202293*131*0.277[5],,,,,,
CR8382189926313396104;11/10/202262*406*0.811[1],,,,,,
MD3693670777768247144812;10/29/202254*458*0.883[12],,,,,,
DO57664101259823133208305051;5/3/202245*139*0.342[11],,,,,,
MK90217687857813481;2/24/202276*227*0.266[1],,,,,,
MK57402412027128776;10/11/20227*151*0.277[3],,,,,,
FI7823244126681443;9/17/202292*394*0.416[4],,,,,,
IS658045196158805442279691;12/11/202274*303*0.121[13],,,,,,
MT07GDWE52845846822708764477423;5/13/202235*415*0.97[7],,,,,,
PK8543833767467821548055;8/26/202214*142*0.979[3],,,,,,
SM9689826773822271033134655;3/10/202266*305*0.249[7],,,,,,
FI6816786097177000;5/29/202295*439*0.425[4],,,,,,
GL6779243342243591;11/27/202297*258*0.297[10],,,,,,
AZ22758514858760578058155514;8/14/202274*86*0.449[6],,,,,,
AT372752861541572158;7/31/202269*451*0.367[8],,,,,,
NL89WKIW7612208544;9/13/202261*133*0.23[1],,,,,,
BH97385573555329511313;8/19/202215*149*0.112[8],,,,,,
FO1382770734696837;7/20/202289*321*0.913[12],,,,,,
LU117790758111318385;10/28/202287*388*0.193[10],,,,,,
BG77MNBZ37681184052168;3/17/202238*263*0.045[3],,,,,,
NL37EXJY7763338475;3/9/202229*475*0.36[1],,,,,,
NL33JGDV1886373037;6/19/202284*339*0.21[7],,,,,,
LV98ZBHM6905545129197;5/4/202259*116*0.021[9],,,,,,
FO2950870285174633;2/11/202211*219*0.776[2],,,,,,
VG0831541740395123754414;7/29/202279*411*0.444[15],,,,,,
DE50058062783823245992;11/15/202214*433*0.651[1],,,,,,
BH75872532168212671800;1/24/202297*418*0.241[15],,,,,,
DK6571094622871312;5/11/202284*296*0.786[14],,,,,,
BG87SIGR18908093475277;11/18/20225*484*0.392[3],,,,,,
GR6535113123615222243175256;11/28/202229*425*0.253[13],,,,,,
GL7436253925451179;10/26/202236*352*0.879[3],,,,,,
NL84SMYW2771857245;3/19/202252*272*0.229[5],,,,,,
BE08765663718464;6/8/202243*395*0.455[6],,,,,,
GB42GVNB71241356577944;12/10/20227*481*0.365[4],,,,,,
GR1775875667258311342437119;5/19/202261*368*0.263[4],,,,,,
SK9417894327328323972723;2/8/202252*85*0.838[12],,,,,,
EE983791266886301849;12/23/202216*142*0.562[4],,,,,,
BA565186069071107836;6/21/202274*359*0.497[9],,,,,,
HU63663032445478654133103340;9/8/202285*472*0.663[14],,,,,,
DE38272387368572663844;5/9/202283*306*0.721[14],,,,,,
KW2025729853764595885447709868;2/7/202214*79*0.521[10],,,,,,
MD5274723628863283216142;6/20/202288*491*0.363[10],,,,,,
SM1967873826841530813872578;10/15/202275*200*0.989[3],,,,,,
HR3275526715830282682;2/1/202289*380*0.74[12],,,,,,
HR5981526745501757135;7/20/202281*449*0.301[10],,,,,,
CH4373711788018336408;6/23/202278*129*0.401[6],,,,,,
GT43352232470416151552427610;8/4/202238*441*0.969[4],,,,,,
LT573848584566736874;11/6/202215*496*0.185[4],,,,,,
TN9024118411432715937426;8/13/202271*410*0.301[5],,,,,,
SM2076046943543343648262514;12/10/202267*418*0.558[15],,,,,,
VG7284209382472181017497;12/19/20224*379*0.039[9],,,,,,
AE514509715903335324766;11/20/202245*363*0.769[7],,,,,,
CR7656422414381996708;12/21/20225*218*0.388[14],,,,,,
MD7279618483041715736744;11/19/20222*135*0.374[11],,,,,,
BG13KKJQ31157151526293;12/25/202254*372*0.286[8],,,,,,
SK4283699780567677405345;12/6/20224*448*0.285[3],,,,,,
BE03216642591511;2/10/202247*329*0.89[2],,,,,,
AE342546685518216557116;5/3/202274*356*0.462[3],,,,,,
GL6631663543181294;12/4/202251*331*0.896[6],,,,,,
PL57075577834519247621226151;1/6/202285*192*0.39[4],,,,,,
MC8687875670899338254376246;11/24/202240*91*0.884[1],,,,,,
MR9444702517841656250101157;1/11/20224*492*0.237[11],,,,,,
LI1325374323422295522;10/11/202226*248*0.451[3],,,,,,
GR1765668125566821263127116;6/9/202224*341*0.42[2],,,,,,
CY12628186144353354751811915;8/20/202288*490*0.359[11],,,,,,
LI0341286184398160323;12/8/202244*479*0.481[4],,,,,,
MD4324588276055364759176;5/10/202241*373*0.846[6],,,,,,
DK4706912263830286;9/12/202210*264*0.623[9],,,,,,
KZ351625328394659555;8/27/202280*385*0.67[9],,,,,,
TR671665323344803472964335;11/22/202298*429*0.101[13],,,,,,
SI81128316398132681;7/16/202280*215*0.624[14],,,,,,
RO40LTGF5234344675725211;4/1/202296*181*0.88[14],,,,,,
MR7110179642287522517241442;5/8/202212*338*0.963[3],,,,,,
BA117161384649117343;2/6/202221*454*0.43[12],,,,,,
HR6904773277323132565;11/8/202219*206*0.096[11],,,,,,
HU84110809224635180789982847;1/22/202243*322*0.993[4],,,,,,
CY83417583174814600131501545;8/24/202268*222*0.57[7],,,,,,
LU867389154127206257;6/3/202294*454*0.461[1],,,,,,
DE33438937047205388857;2/23/202236*92*0.836[8],,,,,,
BA211749631749516054;9/18/202232*492*0.577[4],,,,,,
IS030444439725332514734657;2/9/202283*270*0.165[15],,,,,,
DO50527888594416356153247022;7/6/202274*495*0.556[10],,,,,,
LI8632763740318067327;4/10/202230*112*0.413[6],,,,,,
AD1937179776074854049284;6/1/202270*413*0.163[8],,,,,,
AL07036698331474972435912136;10/31/20226*265*0.589[6],,,,,,
GL1348884288569545;12/9/202274*452*0.817[2],,,,,,
HU52329367364704017563755757;7/12/202237*383*0.287[14],,,,,,
FI2872038584683455;5/10/202282*215*0.054[5],,,,,,
LB15318540340303771158687478;8/26/20222*266*0.903[14],,,,,,
GI32GQUI955139012600246;4/3/202249*313*0.985[10],,,,,,
VG3462776560061558446874;2/23/202282*118*0.337[9],,,,,,
SK9016111596362847646655;8/12/202283*131*0.623[5],,,,,,
DO75547616451738323851968222;4/20/202218*430*0.844[6],,,,,,
IE72LGNA56964556525138;12/9/202216*428*0.401[1],,,,,,
IL677146024247825362223;2/2/202278*322*0.14[6],,,,,,
AL48513817587343849929470571;5/28/202262*100*0.305[15],,,,,,
PK7506698611334638338574;2/13/202212*236*0.836[2],,,,,,
NO1830557365740;7/25/202220*440*0.57[3],,,,,,
VG5762487470862642167228;11/19/202228*353*0.04[11],,,,,,
MD0787313272754734589767;7/19/20227*187*0.262[4],,,,,,
NL74XHMY1256353744;8/25/202293*227*0.951[12],,,,,,
LB79043735883841669648263484;5/8/202245*229*0.826[1],,,,,,
AZ53038181850763111544156185;12/30/202296*153*0.589[4],,,,,,
FR7145707147270185315937862;6/15/202240*407*0.65[10],,,,,,
GB71XWNY17264858642583;3/11/202240*405*0.636[1],,,,,,
BH83727535339387508315;6/30/202287*251*0.69[6],,,,,,
FI3171310774072814;8/23/202238*271*0.56[9],,,,,,
AD6167310286638331809412;12/2/202216*93*0.373[3],,,,,,
GL8743985955752951;8/27/202279*155*0.35[9],,,,,,
MD3331980287852721856678;1/10/202235*325*0.017[2],,,,,,
SK2686615900568256643981;1/18/202266*159*0.896[6],,,,,,
BG40YKBF88481525145134;12/27/20226*238*0.81[12],,,,,,
IE27HWST84396724142376;4/10/202211*103*0.102[12],,,,,,
AD8322797353352101935707;3/25/202261*151*0.559[14],,,,,,
AE572083953465499456739;4/15/202224*479*0.975[1],,,,,,
EE165766154839455935;9/27/202297*156*0.681[7],,,,,,
NO3972224569447;3/27/202262*397*0.001[5],,,,,,
LI4515282517237148627;4/17/202264*397*0.383[1],,,,,,
MK15785642866143347;4/5/202235*338*0.809[14],,,,,,
RO78STCS8194535288577626;5/13/20222*454*0.323[9],,,,,,
EE525652243344848753;9/19/202234*195*0.133[5],,,,,,
IS758457781054813159541427;1/2/202220*470*0.125[10],,,,,,
PK4106934683457992533259;2/12/202240*282*0.915[14],,,,,,
MT35PSQT77786523786660655374687;8/17/202224*213*0.472[12],,,,,,
CY48028631717227393215526748;7/10/202223*376*0.839[15],,,,,,
BA814291795744926312;9/7/202258*303*0.787[14],,,,,,
GT21572575379089788491376605;12/12/202239*240*0.649[9],,,,,,
EE751920268282073038;8/15/202274*309*0.068[14],,,,,,
AD1172173087046936315675;8/25/20229*226*0.789[9],,,,,,
AE381681054418042272158;9/25/202239*179*0.399[14],,,,,,
SK2076160595508719620191;12/29/202255*229*0.087[7],,,,,,
GB35NLIG18629310557166;1/30/202298*129*0.396[14],,,,,,
MD6462487624875486162464;10/30/202297*121*0.118[14],,,,,,
FI1033657687527751;12/21/202291*181*0.887[9],,,,,,
LV08GTGT3473684751126;11/14/202218*127*0.259[15],,,,,,
BA527334628363667944;4/3/202284*222*0.289[1],,,,,,
AL77413565718878861894281266;10/13/202219*394*0.636[11],,,,,,
AL14540866787921558452143604;10/12/202231*424*0.279[14],,,,,,
MC5215862335584464372817486;10/20/202273*349*0.297[5],,,,,,
IL591766060338326638848;7/21/202228*188*0.834[8],,,,,,
LV43PEQT6116176588375;4/9/20226*500*0.331[5],,,,,,
RS42961116126880381208;3/19/202221*85*0.463[1],,,,,,
ME60528086183236253500;7/11/20223*314*0.165[1],,,,,,
EE674037689231854943;3/28/202215*454*0.665[8],,,,,,
BE02393858411287;6/4/202261*282*0.042[15],,,,,,
LV56UVOW1841567364415;8/4/202260*156*0.646[15],,,,,,
GR6655979021676167887828320;2/5/20224*441*0.792[9],,,,,,
NL53SSGI0628346184;6/21/202266*150*0.754[15],,,,,,
AZ67276114339547847128122716;8/25/202220*468*0.853[15],,,,,,
VG0872754720254667486682;12/14/202258*205*0.858[1],,,,,,
AZ58447553687810568517349645;7/10/202234*99*0.541[2],,,,,,
AL21945733194813378439730772;4/30/20223*176*0.702[2],,,,,,
TN4678895582905246413700;9/9/202264*220*0.729[6],,,,,,
DO33936154048469497108259211;8/23/202252*358*0.08[5],,,,,,
GR8667174364395471187647667;3/12/20221*491*0.158[2],,,,,,
LU529488465897389588;1/6/202227*220*0.283[4],,,,,,
ME84663387534798655206;3/2/202281*323*0.964[10],,,,,,
AT338365512633284181;3/15/202250*397*0.941[8],,,,,,
BH77981475266633668299;3/1/202274*431*0.576[9],,,,,,
MR2813162273433886521519757;10/13/20222*114*0.367[14],,,,,,
MT37BCUJ58381034218728930531117;9/23/202289*439*0.241[11],,,,,,
SK6474275801662437195588;9/19/202227*460*0.652[10],,,,,,
MR1915517377163848470166128;8/28/20224*459*0.191[6],,,,,,
HU12417655263563879806820423;9/19/20223*118*0.01[5],,,,,,
MK76297542021858381;4/7/202239*281*0.559[9],,,,,,
GT51915114322251048414607642;6/14/202243*294*0.018[3],,,,,,
GI21FRCM575423512236471;10/27/20224*376*0.288[14],,,,,,
CR5829415118466178859;8/5/202232*183*0.887[6],,,,,,
FI7921458634051373;3/20/202248*134*0.575[7],,,,,,
SM7915361729227547989182474;8/26/202296*128*0.591[11],,,,,,
LU161911995576981378;8/19/202210*453*0.044[10],,,,,,
DO95426255853180564787333028;7/15/202259*437*0.554[1],,,,,,
KW1517703555336531174516852338;4/22/202277*453*0.39[4],,,,,,
GL9051483246431651;3/15/202244*330*0.271[7],,,,,,
EE081996128169681789;4/17/202240*176*0.667[1],,,,,,
ES3717366551685404414518;1/9/202258*192*0.642[6],,,,,,
GE46827294230780213225;1/19/202264*237*0.853[13],,,,,,
IL881512434216558719150;1/24/202246*442*0.238[7],,,,,,
GB02DRSW84845746722640;5/17/202284*284*0.873[7],,,,,,
TN3174821877781647031090;10/24/202254*452*0.944[5],,,,,,
AD9236955258336727472485;10/16/202245*403*0.316[12],,,,,,
FI3713184527510740;11/25/202272*76*0.645[13],,,,,,
CR6855451621591345158;3/28/202270*273*0.603[9],,,,,,
AE675333155142720466677;5/17/202299*260*0.908[15],,,,,,
RO34HDJW0471272234384616;6/23/202288*391*0.071[15],,,,,,
AZ24748589647369234155215662;6/14/202236*410*0.927[5],,,,,,
AT218766401237426835;2/7/202251*409*0.599[2],,,,,,
SA9101475927587212300612;1/22/202296*314*0.552[14],,,,,,
MT09RMYX51571207641105337452383;11/27/202253*438*0.342[7],,,,,,
DK3087290536844684;8/4/20229*162*0.12[2],,,,,,
HU21186383344586323632813656;2/18/202249*468*0.522[4],,,,,,
SE3239103143028343047251;2/10/202268*201*0.17[6],,,,,,
CR5317627262493280440;6/25/202235*324*0.833[15],,,,,,
GI50PLSI616664858208931;10/26/202280*310*0.247[14],,,,,,
BH20513606428104319451;5/12/202271*199*0.065[14],,,,,,
SK9715908018156667257406;11/26/202218*266*0.898[12],,,,,,
MR1832768373138944986817717;12/9/202278*78*0.019[7],,,,,,
LU624268824532638551;9/5/202235*483*0.297[12],,,,,,
MT25VPOU08754055111755115846253;2/7/20229*266*0.803[14],,,,,,
SA7389468310136428484606;10/31/202218*440*0.155[9],,,,,,
IE49HTIN18627742175781;11/17/202210*332*0.775[11],,,,,,
AE186694957153735843548;4/4/202221*312*0.203[15],,,,,,
IL627381632674747136945;8/26/202267*445*0.515[10],,,,,,
KW5837842272486716873232841787;8/21/202239*392*0.932[10],,,,,,
GL0914687361437722;7/3/202293*290*0.564[3],,,,,,
BE15036582733574;7/1/202296*217*0.042[1],,,,,,
DK1218304736614438;1/13/202232*88*0.781[11],,,,,,
VG6737527708521454741827;6/17/202253*395*0.566[7],,,,,,
EE076267816646956756;6/7/202219*353*0.137[2],,,,,,
LU639286337478172849;4/24/202232*480*0.883[9],,,,,,
CZ2957881774257551326681;11/20/202210*480*0.276[15],,,,,,
TN2521207256472127122827;9/5/202279*76*0.109[1],,,,,,
LB95878354842704496840173897;11/15/202289*153*0.903[6],,,,,,
LU958204206621719532;3/31/202256*497*0.045[9],,,,,,
IS797534664884688564230509;4/10/202254*297*0.195[6],,,,,,
IS744572586586822255973672;2/11/202282*461*0.745[5],,,,,,
MT46FRQM05926838361188834524070;8/27/202213*106*0.955[12],,,,,,
MR6952653644689827188543685;7/16/202268*290*0.273[14],,,,,,
VG7041491233843876152551;8/12/20221*175*0.906[4],,,,,,
ES6165511448143871881507;2/12/202275*183*0.25[15],,,,,,
PT58772614321376126453865;3/27/202239*447*0.064[15],,,,,,
PK8802313405896236240988;8/6/202246*213*0.844[4],,,,,,
TN0477979598340211572225;7/28/202273*375*0.478[6],,,,,,
AZ38810136262610272232308983;9/10/20224*138*0.031[15],,,,,,
IL463372576365579714071;6/18/202266*392*0.633[1],,,,,,
AT594315652923714280;11/7/202295*125*0.257[1],,,,,,
GT48256741194182576644887643;9/21/202291*191*0.275[8],,,,,,
CR7137374103445402455;8/4/202246*333*0.622[12],,,,,,
RO67LUUJ1108959945467280;6/14/20227*409*0.796[10],,,,,,
AZ72532887482083782643355758;9/22/202243*290*0.49[3],,,,,,
NO2542474435735;2/11/202292*229*0.985[1],,,,,,
GE90167055554160161158;2/17/202255*83*0.43[13],,,,,,
MT78LJLR83135521787422095142257;6/15/202281*414*0.366[14],,,,,,
AE408531866131341327895;2/18/202276*170*0.665[4],,,,,,
MR1141509594830773764688485;3/12/202258*365*0.955[8],,,,,,
GB43WHQU32551487104322;9/9/202228*309*0.05[2],,,,,,
MU5611089327654116455406782822;1/1/202236*281*0.458[3],,,,,,
ES5418332457504795410712;11/9/202277*424*0.272[9],,,,,,
NL41ZTJP4425785131;8/23/202293*159*0.845[15],,,,,,
BE58030673118283;11/3/202276*362*0.618[5],,,,,,
PS602434243843050170662085875;11/15/202237*321*0.252[8],,,,,,
CZ8465690190657066435116;1/10/202228*431*0.81[6],,,,,,
IS770133613697576823126253;9/18/20226*339*0.455[9],,,,,,
GT20522843934853223311427281;11/12/202256*410*0.765[14],,,,,,
MT30XCSS44487522675163722496655;3/31/202222*127*0.449[9],,,,,,
IE42MZUD86908589364336;7/23/202233*201*0.096[5],,,,,,
IE38IWAB53762462575497;10/20/202264*477*0.758[11],,,,,,
MK87348655643513151;9/12/202228*484*0.77[2],,,,,,
IT621KVJPI85479484314433195;8/28/202255*135*0.909[8],,,,,,
GL1237995650784903;5/10/202268*241*0.847[12],,,,,,
MK05277045513158113;3/17/202225*180*0.249[5],,,,,,
GI94RUIQ122961288567793;4/27/202262*329*0.883[15],,,,,,
RS25345551764655651809;12/1/202299*264*0.608[15],,,,,,
MR9417843635567855518828460;2/8/202268*362*0.775[14],,,,,,
DK4606809123642325;1/13/202218*473*0.85[8],,,,,,
PL43220600142146339295490675;4/12/202223*238*0.916[11],,,,,,
SM9354171440542186802273122;1/10/202267*407*0.582[1],,,,,,
FO0997341451636809;2/3/202274*253*0.399[9],,,,,,
MT48HQBG10818290148109967304486;7/8/20223*274*0.243[15],,,,,,
CY20217713522716968325576492;10/25/202292*245*0.112[4],,,,,,
SI30358522877619657;7/14/202282*338*0.604[11],,,,,,
PT84724147918576321935543;11/9/202222*96*0.261[4],,,,,,
MD3925339752987117818351;2/7/202275*108*0.477[5],,,,,,
GB56TPFJ73461221928143;8/4/202283*241*0.234[15],,,,,,
MU8108303300846548672138225530;5/24/202299*215*0.878[13],,,,,,
MK19438652718542678;3/1/202292*185*0.756[4],,,,,,
MD5688734643153113464730;8/24/202223*254*0.753[10],,,,,,
DO44017045342494944724123482;11/12/202239*181*0.37[9],,,,,,
BA235415821844082454;3/16/202293*352*0.531[8],,,,,,
DO95340817891514619312439603;3/11/202253*439*0.818[14],,,,,,
ES6048703741602485356081;7/2/202221*336*0.998[8],,,,,,
MT98NQZH93041880558065668772698;6/27/20220*478*0.058[1],,,,,,
DE50683823575336025535;3/16/202245*388*0.798[8],,,,,,
MD8160669728398113342851;2/5/202224*184*0.081[6],,,,,,
BG43OYEW26177138842385;11/18/20225*145*0.35[4],,,,,,
RS04922570522728511443;8/11/202213*402*0.133[14],,,,,,
HR6336494357436858376;12/10/202288*189*0.299[7],,,,,,
RO32JHDS0243215628331435;10/23/20229*183*0.018[10],,,,,,
LI5972102837521347237;6/15/20229*94*0.286[15],,,,,,
AD8074983738310111122269;11/15/202280*350*0.227[12],,,,,,
LU238383221127826556;8/22/202219*445*0.477[7],,,,,,
EE855652153776358144;5/25/202228*499*0.584[9],,,,,,
AT976446375837116132;3/16/20228*215*0.049[7],,,,,,
LB77357463875577446342931133;9/19/202218*278*0.755[4],,,,,,
LB91945622627472524528338795;5/17/202212*397*0.516[12],,,,,,
GT74548263356093718616584127;4/13/202250*190*0.356[6],,,,,,
MK17111140246281241;11/3/202232*483*0.922[15],,,,,,
IS242100156356161851827128;7/31/202279*223*0.655[3],,,,,,
GB80QRTX23611425413343;9/25/202231*212*0.613[9],,,,,,
TN9487610444652076360465;9/20/20225*321*0.439[14],,,,,,
GE86246581623728619742;12/29/202298*436*0.655[11],,,,,,
IL081122841377242425677;12/7/202215*330*0.887[5],,,,,,
SM5263895420883096612726842;7/28/202237*284*0.201[2],,,,,,
BG24DZVQ33387369521488;10/9/202247*424*0.017[5],,,,,,
MK56443041665845461;8/16/202286*181*0.354[11],,,,,,
HR5467890530183934031;5/29/202221*229*0.494[2],,,,,,
FR4747466156032336496731225;1/24/202227*463*0.224[2],,,,,,
GT03607663275824718646779055;9/7/202240*394*0.688[9],,,,,,
DK5198537006587768;5/12/202219*259*0.028[8],,,,,,
BH97247570053138985710;9/24/20225*258*0.135[3],,,,,,
PS464982376804176085958721268;2/7/202271*163*0.429[3],,,,,,
GB23RFWR82616640342648;1/28/202250*365*0.734[5],,,,,,
TN5241624662724151758846;10/26/202257*87*0.563[14],,,,,,
GE47845163768571224340;11/7/202221*133*0.502[2],,,,,,
ME07191562848230837381;9/29/202293*121*0.407[13],,,,,,
PK2946317362593215836174;12/29/202237*149*0.546[13],,,,,,
BA802625644594034555;6/4/202246*207*0.194[15],,,,,,
ES9317831362754884410494;7/6/202261*433*0.277[14],,,,,,
MT95EQSH35243524424971713416442;11/24/202241*319*0.982[14],,,,,,
PK0351596525811588514769;9/7/202220*251*0.09[12],,,,,,
NL82YRNI1045517355;6/3/202274*111*0.259[13],,,,,,
MK65748148480996500;4/14/202270*100*0.146[14],,,,,,
NL59CDLS9845557171;12/12/202273*239*0.937[7],,,,,,
PL43579759888307898242543162;9/1/202231*396*0.053[5],,,,,,
DE76555247685955701296;4/15/202229*143*0.57[6],,,,,,
MD1717469439925994225688;1/25/202276*308*0.369[1],,,,,,
NL13JBFU9258575274;3/24/202282*495*0.561[3],,,,,,
AE880530844262593464876;3/15/202232*356*0.293[5],,,,,,
BA677440644114684752;2/22/202241*363*0.388[12],,,,,,
MK89876654870366936;3/3/202215*292*0.531[5],,,,,,
IS636344623670557812220037;1/9/202226*214*0.603[9],,,,,,
IS879419132746844506723112;10/24/202273*270*0.184[4],,,,,,
GL3540562063372881;10/1/202290*124*0.852[9],,,,,,
EE538510286664356524;10/7/20226*217*0.452[11],,,,,,
SE0615632832773248386420;9/7/202259*210*0.157[7],,,,,,
AZ42974911325354915935976985;12/18/202234*404*0.122[4],,,,,,
SA1352256546614127434750;7/31/202273*411*0.214[3],,,,,,
IT390BVVXI26552843124155206;6/7/202230*377*0.913[10],,,,,,
IS567267332632740167777341;10/28/202241*291*0.66[12],,,,,,
EE978366359578579373;9/4/202289*124*0.472[4],,,,,,
LI5641731414619666241;1/4/2022100*91*0.348[8],,,,,,
LU852572475478151739;4/26/20222*350*0.111[13],,,,,,
BA346718753162355313;5/16/202228*416*0.797[9],,,,,,
SK5323322672811854015287;5/25/202231*189*0.948[6],,,,,,
IT647BSSLI63602765036541198;4/12/202279*274*0.085[8],,,,,,
GR2086042318850544428071439;11/18/202225*265*0.92[9],,,,,,
BG17OLTJ42357723918345;11/7/202252*213*0.618[2],,,,,,
SI10661888655550305;2/22/20226*304*0.869[6],,,,,,
GT28222765333496187316453265;11/21/202213*377*0.854[1],,,,,,
SI64122531384792454;8/13/202250*161*0.985[1],,,,,,
DE18638185841566124516;1/2/202282*214*0.703[1],,,,,,
GR1435984690545230577533726;7/18/202216*416*0.848[10],,,,,,
RS15024174334346530737;4/17/202294*460*0.332[3],,,,,,
VG8651154562934859836056;5/3/202222*302*0.768[15],,,,,,
BH20928151859673487897;3/19/20227*426*0.957[1],,,,,,
LI4047439299577621301;2/7/202213*146*0.711[12],,,,,,
DO10825507581562882741096774;6/2/20227*236*0.346[5],,,,,,
HR5708322874848531182;11/30/202223*332*0.399[11],,,,,,
FI9747688527757283;2/2/202230*292*0.471[14],,,,,,
EE204580187368158061;4/15/202233*204*0.722[1],,,,,,
GI34EYVC865464662439247;9/17/202271*374*0.368[14],,,,,,
ES0938868584086551291529;3/16/202248*347*0.882[1],,,,,,
PT84324566917935508795112;8/12/202247*467*0.856[11],,,,,,
AL40247432020373386175489615;1/21/202259*205*0.227[12],,,,,,
CY57306697763978561526670958;1/8/202259*237*0.774[6],,,,,,
GI86HGST566635384192652;7/31/20229*429*0.71[12],,,,,,
IE84TTAI84631571853568;3/9/202288*423*0.191[8],,,,,,
SE5554739837583155052681;8/15/202247*365*0.738[5],,,,,,
IL225446125822117284960;6/30/202279*466*0.913[2],,,,,,
SM8043413205664708678040985;10/12/20227*352*0.716[10],,,,,,
AE618988578654316148366;1/5/20220*138*0.041[3],,,,,,
FR2513404344365012185341684;3/28/202253*151*0.195[11],,,,,,
BH66747437974455101486;12/13/202245*485*0.724[14],,,,,,
IL753439768326655739396;6/25/202266*435*0.712[13],,,,,,
SM8816273922182046180915212;10/7/202271*135*0.886[5],,,,,,
PS227926159434560542963827756;11/25/202212*292*0.532[15],,,,,,
LU392281213715224722;11/28/202246*138*0.887[6],,,,,,
GR1767273713410348116044541;12/10/202267*161*0.935[3],,,,,,
LU619936272357375267;1/30/202212*483*0.314[11],,,,,,
MC4744257821843115433164692;1/29/202243*152*0.246[1],,,,,,
ME74324554305248282668;5/7/202249*228*0.08[15],,,,,,
KZ414559541093081400;6/9/202266*398*0.426[3],,,,,,
CZ8512713559715313114287;10/18/202244*268*0.382[1],,,,,,
HR6869045477549044613;11/28/202234*218*0.465[14],,,,,,
DE88824337591971112514;4/25/202210*168*0.049[9],,,,,,
TR873445288677134415528227;1/24/202282*121*0.407[5],,,,,,
MK24429337339086256;3/13/202220*461*0.343[9],,,,,,
MD2439143603665218743508;6/26/202238*480*0.903[15],,,,,,
GR7431727806203380453118196;9/10/202299*130*0.614[2],,,,,,
ME23670601509327267073;4/9/202250*261*0.968[5],,,,,,
SI38472337914377186;4/27/202283*225*0.035[5],,,,,,
GL1586227971883458;5/28/202257*445*0.557[8],,,,,,
BG74BBWT66569543236670;3/11/202265*338*0.211[7],,,,,,
MR2678144375026030036547327;3/30/20227*290*0.62[8],,,,,,
AL33795181418198628447405565;6/9/202297*279*0.358[2],,,,,,
SA0267000826352635485204;10/4/202280*286*0.455[1],,,,,,
SK7068162663871385524337;11/8/202229*436*0.691[9],,,,,,
MD6381420365213266456531;2/4/202291*305*0.736[12],,,,,,
GI06NHVS866626223514317;5/21/202214*231*0.462[1],,,,,,
MT39YIZV65149234472452947264545;10/16/202261*179*0.637[4],,,,,,
LT486661147823453858;1/25/202215*327*0.357[13],,,,,,
MR3726851682333839362887373;8/9/202217*354*0.583[9],,,,,,
AT986324987476130068;9/24/202291*411*0.889[12],,,,,,
GB39NNZC04347651574518;9/8/202223*156*0.009[1],,,,,,
BH77665831381141901946;10/7/202292*269*0.383[6],,,,,,
IL713509676412014875581;3/23/202231*188*0.542[6],,,,,,
SK5685883149114616931786;5/14/202243*138*0.169[7],,,,,,
ME03710724448663177116;12/8/202245*499*0.633[10],,,,,,
LI9686205441745454131;7/31/202287*381*0.517[9],,,,,,
DK9115913829300792;11/20/202285*313*0.865[2],,,,,,
CH1257556352574877875;8/26/202231*339*0.39[13],,,,,,
GL8442594839082721;3/24/20226*373*0.271[3],,,,,,
LI8640765620605712128;12/21/202214*413*0.568[14],,,,,,
DK3683345576155842;9/27/202270*307*0.164[8],,,,,,
GE68446848712292219917;5/18/20223*488*0.508[9],,,,,,
KZ760176164816417959;10/19/202270*265*0.849[2],,,,,,
LI5551214937926729802;8/6/202247*337*0.295[9],,,,,,
GI78GRWK541834510087383;5/4/202264*425*0.785[12],,,,,,
GL2315757796124438;3/9/20228*450*0.632[11],,,,,,
GI26KUHV518529793801573;5/25/202297*191*0.428[7],,,,,,
MC6435158358432645032309116;12/16/202279*481*0.73[4],,,,,,
DO21477842272054689187917357;7/14/20224*461*0.953[3],,,,,,
EE145469430710635737;10/9/202266*414*0.082[4],,,,,,
LU253962027467364725;8/16/202254*250*0.983[10],,,,,,
LV84UDFV3838731830748;5/2/202217*397*0.935[11],,,,,,
AT654381454113563225;7/23/202245*397*0.793[13],,,,,,
BH86261433813373147568;2/11/202250*114*0.447[8],,,,,,
TN9156937497331686633782;7/13/202237*196*0.452[13],,,,,,
SM3131379649757763031986977;12/24/202288*313*0.27[10],,,,,,
MU6085174877699545264671416830;3/30/202289*496*0.641[13],,,,,,
FO3466715033290577;6/2/202237*286*0.66[5],,,,,,
AL91395606458978954848811713;7/12/202226*215*0.129[7],,,,,,
SI47915282876756343;4/5/202287*372*0.349[15],,,,,,
AZ49507513830876811228345351;11/29/202230*240*0.96[15],,,,,,
MD1534241293448116416913;10/13/202242*158*0.271[10],,,,,,
PS676225667184668438309343114;9/30/202211*416*0.306[8],,,,,,
PK8342141984017068647654;8/15/202282*144*0.261[14],,,,,,
BE93245216785386;1/29/202237*361*0.626[8],,,,,,
FI9133381758536573;2/24/2022100*335*0.282[3],,,,,,
IE78FKXN53616914597317;9/14/202263*372*0.843[6],,,,,,
RS30403230230342302117;3/3/202226*343*0.033[15],,,,,,
MT16JFUI40765358153273477487573;2/3/202258*87*0.853[13],,,,,,
EE737670166838875465;5/16/202238*137*0.253[7],,,,,,
AT066470484554366982;3/24/202234*417*0.546[12],,,,,,
FO6160826345635638;2/20/202224*114*0.069[9],,,,,,
ES9476426268783560867756;8/26/202217*335*0.336[12],,,,,,
IL174122771163836763463;9/16/202296*465*0.924[2],,,,,,
LU984757724411884445;12/26/202288*496*0.059[15],,,,,,
PK8866893623226481361703;1/20/202287*165*0.447[3],,,,,,
MD1271578716521664304985;10/3/20223*127*0.399[13],,,,,,
SI15336767716180253;5/6/202277*379*0.712[5],,,,,,
SI93477519230322848;10/23/202281*363*0.931[14],,,,,,
BG34MTON37640086756521;4/1/202213*136*0.253[9],,,,,,
GE63794383327244728826;2/11/202268*198*0.429[8],,,,,,
PK0515423174973758343248;2/12/202241*120*0.602[11],,,,,,
FO9896758613526301;4/20/202224*164*0.272[12],,,,,,
SI86815643832649548;10/31/202275*238*0.128[10],,,,,,
AE286706336464349367580;8/23/202251*125*0.358[6],,,,,,
MK86151606412705522;9/19/202271*231*0.886[14],,,,,,
CY56353617331961174614362518;2/13/202236*224*0.989[9],,,,,,
HR1811731638738486694;3/26/202274*99*0.903[5],,,,,,
AT574327842804059405;7/26/20227*383*0.087[3],,,,,,
AL19827481647719797171146411;9/16/202249*145*0.343[10],,,,,,
MD1158544111137811188820;3/25/202232*110*0.944[14],,,,,,
RS21233629123299033848;6/29/202245*380*0.63[3],,,,,,
GE88253781471881326703;5/5/202271*312*0.883[15],,,,,,
IS983294159047708582026565;2/21/202296*128*0.944[13],,,,,,
RO31TDVP2755954228450210;3/5/202212*343*0.398[1],,,,,,
SK8322226730782675555381;8/22/202214*441*0.359[2],,,,,,
KW3776774388746306328246886981;10/4/20228*179*0.985[13],,,,,,
HR7147752134613829404;5/8/202298*259*0.043[12],,,,,,
LT976465792788741424;11/15/202240*175*0.781[15],,,,,,
MK68601584349424865;7/29/202250*224*0.564[2],,,,,,
CH7894419270652263694;8/25/202298*433*0.444[1],,,,,,
AL49521445105408134373282819;11/10/202278*147*0.667[10],,,,,,
PS903833377624543886070873827;10/29/202230*107*0.603[15],,,,,,
GI72WFSS365751781777736;2/24/202281*164*0.608[3],,,,,,
HU96028347266131265611957515;9/17/202284*90*0.319[3],,,,,,
IS847309166688346724486872;5/13/202246*361*0.279[10],,,,,,
GI35TXSQ764152390381815;8/26/202285*216*0.748[3],,,,,,
NL75WTXK2547535614;3/10/202240*238*0.97[9],,,,,,
AT483634557249091635;5/29/202262*323*0.132[10],,,,,,
LB97761243143233878647115200;11/27/202283*303*0.534[10],,,,,,
SA3465053284804118687174;2/23/202252*205*0.645[10],,,,,,
ME48820768347454117899;8/14/202272*442*0.482[15],,,,,,
VG8245363471535313273168;7/31/202225*426*0.777[7],,,,,,
MU7386941721458166234703768887;9/13/202248*330*0.076[5],,,,,,
LU257344772320823388;8/19/202248*472*0.27[10],,,,,,
SM8208853601135473048138181;7/20/202231*381*0.562[13],,,,,,
NO5039441736396;10/28/202213*296*0.449[10],,,,,,
FO8875121691804424;3/17/202239*432*0.495[13],,,,,,
HR8827486310932682716;3/9/202239*165*0.76[11],,,,,,
AD2722386978454722192618;6/19/202227*363*0.842[7],,,,,,
GI44DSHQ212622866141374;5/4/202218*124*0.281[13],,,,,,
DO11380661983474011101621621;2/11/202238*109*0.716[1],,,,,,
SI03622849635035782;7/29/202277*434*0.429[5],,,,,,
LT698817661530241249;11/15/202215*251*0.308[7],,,,,,
VG2072218335684206691593;1/24/202282*387*0.963[6],,,,,,
RO70MKCV3386856140463158;5/11/202217*426*0.448[11],,,,,,
CY57084878885649247126238051;11/18/202254*358*0.992[3],,,,,,
AL60315010262628731193951731;11/28/202216*322*0.099[4],,,,,,
HR9022220342538001923;10/26/202258*276*0.535[1],,,,,,
CZ1622419313773712541614;3/19/202286*449*0.907[10],,,,,,
EE413796545467614464;6/8/202219*133*0.727[14],,,,,,
NL46CYGP1753136913;12/10/202262*286*0.606[11],,,,,,
LI5852356423667733783;5/19/202286*207*0.275[15],,,,,,
LI2068088866700115826;12/23/202259*440*0.368[6],,,,,,
CY36374131224184678658555241;6/21/202295*490*0.791[8],,,,,,
SA0624762878515175894283;9/8/202268*307*0.361[14],,,,,,
AL87714334133127781813249637;5/9/202233*272*0.397[11],,,,,,
IE61RNMO51486359146261;2/7/202256*109*0.303[15],,,,,,
LB36729102891453325352262645;6/20/202266*104*0.793[2],,,,,,
MC9717821319789137173294848;10/15/202210*312*0.213[5],,,,,,
MK43271377001155997;2/1/202251*211*0.342[5],,,,,,
TR831742324153207142618155;7/20/202226*153*0.595[15],,,,,,
IL062496426825562068306;6/23/202240*433*0.223[2],,,,,,
GB31GRWJ74021492652081;8/4/20225*425*0.486[1],,,,,,
KW0578893080762357244146618387;11/6/202268*354*0.913[8],,,,,,
SE9245355728003330861885;8/13/20223*461*0.089[3],,,,,,
AZ88863667350429711622871650;12/10/202299*429*0.068[10],,,,,,
BE20115075185476;11/20/202216*201*0.615[2],,,,,,
IE39DFQX51087326139134;12/21/202275*437*0.58[5],,,,,,
IS242575046072709396683875;11/19/202289*430*0.097[15],,,,,,
DE37165207793747730185;12/25/202290*332*0.398[15],,,,,,
BH35635424881125627989;12/6/202216*102*0.534[3],,,,,,
PL48265673271614689802567261;2/10/202289*446*0.539[12],,,,,,
GR9298570518581696452210711;12/4/202287*362*0.163[15],,,,,,
LI5843747327566752445;1/6/202254*278*0.828[13],,,,,,
LI6372815853438414771;11/24/202268*304*0.002[2],,,,,,
MR5478303363455370829739333;1/11/202265*486*0.45[13],,,,,,
LT452135008467367660;10/11/202237*204*0.415[3],,,,,,
IL824567529685478281268;6/9/202267*257*0.262[1],,,,,,
LU519855355171654267;8/20/202270*139*0.319[15],,,,,,
FR3935945230448583153943018;12/8/202225*232*0.544[6],,,,,,
HR4237684328022076352;5/10/202255*345*0.003[15],,,,,,
ME58742810227811848733;9/12/202235*450*0.489[10],,,,,,
BE43675283451018;8/27/202277*480*0.547[13],,,,,,
GR2465114021943712267552754;11/22/202252*247*0.595[6],,,,,,
GT05650137153133255238775881;7/16/202235*132*0.31[1],,,,,,
FR4034315597700483935694854;4/1/202234*382*0.359[7],,,,,,
DE74161246069087811701;5/8/202217*453*0.45[2],,,,,,
SE0798658292426276846470;2/6/202211*296*0.706[6],,,,,,
LI6145222532215307504;1/22/202237*173*0.653[3],,,,,,
GR9254181350216714146791838;8/24/202285*454*0.004[9],,,,,,
BA157089843721867681;6/3/202254*168*0.248[12],,,,,,
NO4234233476740;2/23/202263*332*0.462[1],,,,,,
LI1140654933448635413;6/18/202239*360*0.239[15],,,,,,
NO0635034177856;7/6/202243*362*0.329[15],,,,,,
MD8684983076159453415562;4/10/202292*223*0.31[4],,,,,,
KZ113159763487618172;10/31/202251*462*0.948[14],,,,,,
IL911544545619329724181;12/9/202217*233*0.192[12],,,,,,
BE68255562916125;7/12/202228*486*0.616[7],,,,,,
KW6576579843442784152453266333;8/26/202265*397*0.081[2],,,,,,
IL751442881724828776405;4/3/202239*338*0.88[12],,,,,,
SE3843665832209877194522;2/23/20227*397*0.811[4],,,,,,
BH31322779346342461448;8/12/202251*120*0.366[1],,,,,,
DO74508432587653052736110765;4/20/20225*341*0.988[12],,,,,,
BH27837832810535520535;12/9/202227*441*0.435[8],,,,,,
TR835466839570813306831575;2/2/20227*404*0.785[15],,,,,,
PK4825804964828248356795;5/28/202268*349*0.85[10],,,,,,
EE837351242442859185;2/13/202226*437*0.668[1],,,,,,
SI03618267163488815;7/25/202267*250*0.388[5],,,,,,
GI05IVUN250207807796384;11/19/202232*110*0.366[4],,,,,,
ME91871927279264065725;7/19/202255*205*0.148[9],,,,,,
ES8595121225779666370514;8/25/202249*299*0.374[11],,,,,,
GB81YCFP61162083888824;12/30/202263*265*0.956[14],,,,,,
PL33336350865489478241176137;6/15/20229*449*0.262[10],,,,,,
SM2152196906657131739819215;3/11/202292*441*0.331[4],,,,,,
KW0517337225558188353186085456;6/30/202232*327*0.526[11],,,,,,
SE1430467833789424381297;8/23/202222*469*0.211[13],,,,,,
GB05MSXN17086056345903;12/2/20224*327*0.084[13],,,,,,
BA361123088378554223;8/27/202225*144*0.178[9],,,,,,
IS945907516421514787294652;1/10/202282*124*0.349[12],,,,,,
PK3966254088945464438626;1/18/20226*422*0.56[8],,,,,,
DK2747196619798223;12/27/202282*499*0.413[8],,,,,,
LI5081020712431552841;4/10/20223*451*0.114[15],,,,,,
IE60MBVF78586684633559;3/25/202243*494*0.344[13],,,,,,
BG88KHJK43480827158231;4/15/202272*251*0.085[6],,,,,,
DO10417527465655525644126667;9/27/202212*399*0.555[6],,,,,,
IT182IBJOI66313843034536174;3/27/202283*246*0.604[9],,,,,,
LU246657328386657476;4/17/202221*212*0.383[4],,,,,,
AZ80681757841386336833183502;4/5/202247*302*0.111[12],,,,,,
AD8891447713081357868224;5/13/202214*354*0.258[2],,,,,,
MC3846165395564360553691227;9/19/202232*299*0.471[11],,,,,,
LB41677456868388547127444772;2/12/202281*210*0.684[14],,,,,,
CR1251170931825615235;8/17/202236*339*0.361[3],,,,,,
GI72MYYQ952881535459851;7/10/202242*491*0.601[14],,,,,,
HR0938776502822878015;9/7/202285*169*0.707[12],,,,,,
LU640261706901611172;12/12/202291*97*0.24[5],,,,,,
SK1926947579148122776707;8/15/202233*327*0.827[1],,,,,,
IE56BSXH57321227242161;8/25/202244*372*0.245[4],,,,,,
LB20952436571084934321603124;9/25/202214*179*0.229[9],,,,,,
IE28WMDX18495753319726;12/29/202282*483*0.428[9],,,,,,
KZ061623437574363715;1/30/20226*78*0.406[14],,,,,,
SK0975515390082413880484;11/26/202211*484*0.158[6],,,,,,
DO63216675492770838805372826;10/30/202288*238*0.328[5],,,,,,
SM8893245391605518428151728;11/14/202224*368*0.869[4],,,,,,
PK1329313520744985642147;4/3/202265*262*0.9[12],,,,,,
CH3757506492225110237;10/13/202211*142*0.193[2],,,,,,
DK5588172452150124;10/12/202239*263*0.851[2],,,,,,
LB96762689733553178119137036;7/27/20225*170*0.665[2],,,,,,
AE135416842711678571111;9/27/202266*88*0.808[4],,,,,,
FO2071583822247671;10/20/202289*344*0.053[5],,,,,,
KW3181953279506914437253674447;7/21/202293*487*0.789[13],,,,,,
BH67241373634443481441;4/9/202289*205*0.539[11],,,,,,
RO48GCRS9534292011188583;3/19/202299*209*0.781[1],,,,,,
HR7752120761546606034;7/11/202252*171*0.833[9],,,,,,
HR1305483537981239277;3/28/202220*193*0.094[10],,,,,,
MK40600323428707058;6/4/202283*139*0.004[2],,,,,,
TN7783298013038377731506;2/27/20228*127*0.486[14],,,,,,
GL7592556313452546;8/4/2022100*356*0.431[4],,,,,,
ES1847841758224854484384;2/5/202235*495*0.442[1],,,,,,
TR194655131140556777156365;6/21/202235*311*0.006[5],,,,,,
BH40294677682311735643;8/25/202218*356*0.699[8],,,,,,
RS75410582231782661127;12/14/20227*372*0.892[5],,,,,,
MR5838985888225439179782428;7/10/202269*353*0.098[6],,,,,,
AD1221572594087241861421;4/30/202217*171*0.354[14],,,,,,
MT11UPFX43659018463533743410581;9/9/202223*358*0.445[15],,,,,,
GL5271486214630656;8/23/20221*128*0.076[8],,,,,,
MC6354237357470531569711188;3/12/202236*186*0.465[7],,,,,,
GL2145675816640486;1/6/202241*211*0.936[8],,,,,,
MK12721310314257765;3/2/202283*175*0.005[13],,,,,,
KZ388554721757156707;3/15/202288*136*0.471[12],,,,,,
AL36848732445875976382892955;3/1/202231*259*0.734[12],,,,,,
GI83EOGL408519773886684;10/13/202279*433*0.547[15],,,,,,
KW9282686963228772026734456201;9/23/202288*100*0.365[2],,,,,,
IL821125441128812266663;9/19/202281*423*0.749[1],,,,,,
AZ80223807785985351148368244;8/28/202250*305*0.132[13],,,,,,
AE332873756674220409879;9/19/20223*485*0.734[6],,,,,,
TN9303856497369274138325;4/7/202293*91*0.318[13],,,,,,
SE2754619471511844729351;6/14/20224*455*0.081[6],,,,,,
AD5745867683535873317052;10/27/202276*278*0.286[6],,,,,,
BA772883449152395487;8/5/202216*105*0.939[7],,,,,,
DO60341937124715352942784565;8/26/202279*203*0.454[3],,,,,,
HR8318627501183724519;8/19/202244*211*0.458[10],,,,,,
PS666488384641325333128767251;7/15/202287*346*0.488[12],,,,,,
LT797273291356576980;4/22/202283*313*0.064[5],,,,,,
TN5843451874971868723138;3/15/202294*88*0.047[7],,,,,,
GE42808152428607309110;4/17/202290*87*0.195[9],,,,,,
SE3894168288854823817954;1/9/202239*140*0.149[8],,,,,,
AE411796944252470185671;1/19/202279*337*0.747[4],,,,,,
HR9163758915588853555;1/24/202270*431*0.869[3],,,,,,
SI78585685403824801;5/17/202285*244*0.561[11],,,,,,
BH30783134071022880125;10/24/202224*276*0.363[5],,,,,,
GB40POWS15852236551665;10/16/202234*215*0.89[2],,,,,,
AT138347580704279272;11/25/202216*168*0.301[8],,,,,,
LT475014855551717378;3/28/202232*145*0.553[5],,,,,,
AE908468565776867921594;6/14/202234*359*0.256[2],,,,,,
PS356506902131818405761628158;2/7/202249*236*0.809[3],,,,,,
BH77753088666345233372;1/22/202275*499*0.37[13],,,,,,
SE5442225325215353162528;12/2/20221*85*0.356[7],,,,,,
DE68471716546386164867;11/27/202228*479*0.251[14],,,,,,
SA7457516696832885845424;8/4/202254*175*0.122[15],,,,,,
AL39184427565336242518204836;2/18/202275*278*0.58[8],,,,,,
PT10421891551424112587237;2/10/202239*132*0.676[6],,,,,,
GT35515118633404713548147772;6/25/202212*392*0.826[5],,,,,,
MD9723262652151108427623;10/26/202232*310*0.637[4],,,,,,
DK6683274127325233;5/12/202235*205*0.529[14],,,,,,
CY77978253572115572451235217;11/26/20229*231*0.613[13],,,,,,
BG98RCYB80672790789771;12/9/202225*380*0.136[1],,,,,,
SI11562203434327541;9/5/202284*477*0.325[1],,,,,,
HR2859758842133431293;7/31/202217*493*0.843[4],,,,,,
HR2105371714070824263;11/17/202286*169*0.127[1],,,,,,
FR0953264612753338874683319;8/26/202242*491*0.566[11],,,,,,
LB17587679441740201817510347;8/21/202256*298*0.148[6],,,,,,
NL94HWKG3536465760;7/3/20224*339*0.121[7],,,,,,
GB24JPKE63580864050629;7/1/202247*140*0.462[9],,,,,,
SE1634165939588494665448;1/13/202251*216*0.619[7],,,,,,
ES2558723041266615591156;6/17/202235*172*0.827[6],,,,,,
VG9624130169685828824080;6/7/202240*76*0.239[3],,,,,,
NL45JGWU9655571012;4/24/202288*465*0.372[3],,,,,,
ME16611798409844093954;11/20/202226*464*0.424[5],,,,,,
BE97818463831137;9/5/202220*101*0.579[13],,,,,,
VG6224605198736871678789;11/15/202236*206*0.771[8],,,,,,
KZ531197516687765365;3/31/202256*319*0.492[11],,,,,,
RO55GASK2213913418903973;4/10/202294*236*0.383[6],,,,,,
GI48QTUE882051214652951;8/27/202296*88*0.33[1],,,,,,
BA962629712047673726;7/16/202234*305*0.26[14],,,,,,
IL692002256666151537422;8/12/202282*188*0.76[2],,,,,,
AD1705865129235717546185;2/12/202219*372*0.122[6],,,,,,
IT073TOQFI75350832182660392;3/27/202254*162*0.185[12],,,,,,
BG51NCVS50560274724268;8/6/202266*334*0.888[6],,,,,,
BH27468557010754544726;8/7/202249*259*0.966[10],,,,,,
AL17413342675467061872417656;7/28/202219*278*0.719[9],,,,,,
LV21LHJK0307751652331;1/8/202221*474*0.433[4],,,,,,
SK3011655462955725752921;5/18/202267*401*0.314[13],,,,,,
BH13367875882076946268;9/10/202252*309*0.569[5],,,,,,
MK33949963828161795;6/18/202234*443*0.852[8],,,,,,
LB81455070181275583443657769;11/7/202237*461*0.346[2],,,,,,
TR020218134405356129637941;9/21/202283*152*0.175[3],,,,,,
IT050SMLGI46058002426768186;8/4/202264*114*0.228[1],,,,,,
LI3166484353743673247;9/22/202240*423*0.971[10],,,,,,
NO1582441848084;2/11/202220*182*0.518[4],,,,,,
GB63IJKV18323787556430;2/17/202224*102*0.388[10],,,,,,
AT428201576337737154;6/15/202291*403*0.224[10],,,,,,
CY76111471457601387585552833;2/18/20226*344*0.945[7],,,,,,
KW8227176056745886585602884545;3/12/20228*198*0.431[5],,,,,,
MU3248739047334146787241267708;9/9/202286*281*0.526[11],,,,,,
IE05ONLE38867844578969;1/1/202240*87*0.718[6],,,,,,
SE5433884521882686246823;8/23/202219*425*0.706[6],,,,,,
FI5078094250752632;11/3/202210*268*0.991[7],,,,,,
VG6263537934361287806575;11/15/202298*490*0.527[6],,,,,,
PL31603708271177149444872473;1/10/202223*199*0.539[14],,,,,,
AE961801881947286813703;9/18/202256*283*0.015[5],,,,,,
AT394817648427777758;3/21/202243*163*0.234[6],,,,,,
PK3445763364524805841316;11/12/202288*296*0.379[7],,,,,,
CY59684947703212772924186874;7/21/202293*384*0.354[3],,,,,,
GE59328595021641754667;3/31/202229*457*0.929[15],,,,,,
AL98568260212454791131241658;7/23/202266*300*0.512[1],,,,,,
HR5654585122076184577;10/20/202266*379*0.668[10],,,,,,
DK6754277920626125;9/12/202237*92*0.332[2],,,,,,
RO38GHAH2716828537517691;8/28/202262*230*0.912[1],,,,,,
